{
    "root_group": {
        "name": "",
        "path": "",
        "id": "d41d8cd98f00b204e9800998ecf8427e",
        "groups": {},
        "checks": {
                "201 or 409": {
                    "passes": 50,
                    "fails": 0,
                    "name": "201 or 409",
                    "path": "::201 or 409",
                    "id": "2f4c20c86729c756834124983dc74516"
                },
                "trace id present": {
                    "id": "23bf41639e3153e0bbf3095956635c00",
                    "passes": 50,
                    "fails": 0,
                    "name": "trace id present",
                    "path": "::trace id present"
                }
            }
    },
    "metrics": {
        "http_req_blocked": {
            "p(95)": 21.7919,
            "avg": 2.190022,
            "min": 0,
            "med": 0,
            "max": 22.3335,
            "p(90)": 2.179190000000031
        },
        "http_req_tls_handshaking": {
            "p(95)": 0,
            "avg": 0,
            "min": 0,
            "med": 0,
            "max": 0,
            "p(90)": 0
        },
        "http_req_waiting": {
            "p(95)": 12.7275,
            "avg": 9.849768000000003,
            "min": 5.4836,
            "med": 10.56865,
            "max": 12.8436,
            "p(90)": 12.4055
        },
        "http_req_duration{expected_response:true}": {
            "med": 11.8178,
            "max": 11.8178,
            "p(90)": 11.8178,
            "p(95)": 11.8178,
            "avg": 11.8178,
            "min": 11.8178
        },
        "http_reqs": {
            "count": 50,
            "rate": 4.929880242757557
        },
        "vus_max": {
            "value": 5,
            "min": 5,
            "max": 5
        },
        "http_req_connecting": {
            "avg": 0.05678999999999999,
            "min": 0,
            "med": 0,
            "max": 0.5679,
            "p(90)": 0.056790000000000805,
            "p(95)": 0.5679
        },
        "http_req_receiving": {
            "p(95)": 2.6076749999999977,
            "avg": 0.7486299999999999,
            "min": 0,
            "med": 0.551,
            "max": 4.0873,
            "p(90)": 2.10201
        },
        "http_req_duration": {
            "avg": 10.60825,
            "min": 5.4836,
            "med": 11.399149999999999,
            "max": 14.9576,
            "p(90)": 13.2965,
            "p(95)": 14.30804
        },
        "vus": {
            "max": 5,
            "value": 5,
            "min": 5
        },
        "data_received": {
            "count": 18626,
            "rate": 1836.4789880320452
        },
        "iterations": {
            "count": 50,
            "rate": 4.929880242757557
        },
        "http_req_sending": {
            "max": 0.4926,
            "p(90)": 0,
            "p(95)": 0,
            "avg": 0.009852,
            "min": 0,
            "med": 0
        },
        "checks": {
            "passes": 100,
            "fails": 0,
            "value": 1
        },
        "http_req_failed": {
            "passes": 49,
            "fails": 1,
            "value": 0.98
        },
        "data_sent": {
            "count": 9050,
            "rate": 892.3083239391178
        },
        "iteration_duration": {
            "avg": 1014.0368839999999,
            "min": 1006.3908,
            "med": 1012.53435,
            "max": 1036.5773,
            "p(90)": 1019.1612700000001,
            "p(95)": 1034.8957
        }
    }
}